face_1741809157.jpg,nosmile
face_1741809157.jpg,smile
face_1741809183.jpg,smile
face_1741809203.jpg,smile
face_1741809205.jpg,smile
face_1741809206.jpg,smile
face_1741809207.jpg,smile
face_1741809208.jpg,smile
face_1741809210.jpg,smile
face_1741809211.jpg,smile
face_1741809212.jpg,smile
face_1741809213.jpg,smile
face_1741809214.jpg,smile
face_1741809215.jpg,smile
face_1741809216.jpg,smile
face_1741809217.jpg,smile
face_1741809217.jpg,smile
face_1741809218.jpg,smile
face_1741809219.jpg,smile
face_1741809220.jpg,smile
face_1741809221.jpg,smile
face_1741809221.jpg,smile
face_1741809222.jpg,smile
face_1741809223.jpg,smile
face_1741809224.jpg,smile
face_1741809224.jpg,smile
face_1741809225.jpg,smile
face_1741809226.jpg,smile
face_1741809227.jpg,smile
face_1741809228.jpg,smile
face_1741809228.jpg,smile
face_1741809229.jpg,smile
face_1741809230.jpg,smile
face_1741809231.jpg,smile
face_1741809231.jpg,smile
face_1741809232.jpg,smile
face_1741809233.jpg,smile
face_1741809234.jpg,smile
face_1741809235.jpg,smile
face_1741809236.jpg,smile
face_1741809237.jpg,smile
face_1741809237.jpg,smile
face_1741809238.jpg,smile
face_1741809239.jpg,smile
face_1741809240.jpg,smile
face_1741809240.jpg,smile
face_1741809243.jpg,smile
face_1741809243.jpg,smile
face_1741809244.jpg,smile
face_1741809245.jpg,smile
face_1741809246.jpg,smile
face_1741809247.jpg,smile
face_1741809248.jpg,smile
face_1741809249.jpg,smile
face_1741809249.jpg,smile
face_1741809250.jpg,smile
face_1741809251.jpg,smile
face_1741809258.jpg,smile
face_1741809261.jpg,smile
face_1741809262.jpg,smile
face_1741809263.jpg,smile
face_1741809263.jpg,smile
face_1741809268.jpg,smile
face_1741809269.jpg,smile
face_1741809270.jpg,smile
face_1741809271.jpg,smile
face_1741809271.jpg,smile
face_1741809272.jpg,smile
face_1741809273.jpg,smile
face_1741809274.jpg,smile
face_1741809274.jpg,smile
face_1741809275.jpg,smile
face_1741809276.jpg,smile
face_1741809277.jpg,smile
face_1741809277.jpg,smile
face_1741809278.jpg,smile
face_1741809279.jpg,smile
face_1741809279.jpg,smile
face_1741809280.jpg,smile
face_1741809281.jpg,smile
face_1741809281.jpg,smile
face_1741809282.jpg,smile
face_1741809283.jpg,smile
face_1741809284.jpg,smile
face_1741809284.jpg,smile
face_1741809285.jpg,smile
face_1741809286.jpg,smile
face_1741809286.jpg,smile
face_1741809287.jpg,smile
face_1741809288.jpg,smile
face_1741809289.jpg,smile
face_1741809289.jpg,smile
face_1741809290.jpg,smile
face_1741809291.jpg,smile
face_1741809292.jpg,smile
face_1741809292.jpg,smile
face_1741809293.jpg,smile
face_1741809294.jpg,smile
face_1741809296.jpg,smile
face_1741809297.jpg,smile
face_1741809298.jpg,smile
face_1741809298.jpg,smile
face_1741809299.jpg,smile
face_1741809299.jpg,smile
face_1741809300.jpg,smile
face_1741809301.jpg,smile
face_1741809306.jpg,smile
face_1741809307.jpg,smile
face_1741809307.jpg,smile
face_1741809308.jpg,smile
face_1741809309.jpg,smile
face_1741809310.jpg,smile
face_1741809310.jpg,smile
face_1741809311.jpg,smile
face_1741809312.jpg,smile
face_1741809313.jpg,smile
face_1741809313.jpg,smile
face_1741809314.jpg,smile
face_1741809315.jpg,smile
face_1741809315.jpg,smile
face_1741809316.jpg,smile
face_1741809317.jpg,smile
face_1741809317.jpg,smile
face_1741809318.jpg,smile
face_1741809319.jpg,smile
face_1741809319.jpg,smile
face_1741809320.jpg,smile
face_1741809321.jpg,smile
face_1741809339.jpg,smile
face_1741809340.jpg,smile
face_1741809341.jpg,smile
face_1741809341.jpg,smile
face_1741809342.jpg,smile
face_1741809343.jpg,smile
face_1741809344.jpg,smile
face_1741809344.jpg,smile
face_1741809345.jpg,smile
face_1741809346.jpg,smile
face_1741809347.jpg,smile
face_1741809348.jpg,smile
face_1741809348.jpg,smile
face_1741809349.jpg,smile
face_1741809349.jpg,smile
face_1741809350.jpg,smile
face_1741809351.jpg,smile
face_1741809352.jpg,smile
face_1741809352.jpg,smile
face_1741809353.jpg,smile
face_1741809354.jpg,smile
face_1741809355.jpg,smile
face_1741809355.jpg,smile
face_1741809356.jpg,smile
face_1741809357.jpg,smile
face_1741809357.jpg,smile
face_1741809358.jpg,smile
face_1741809359.jpg,smile
face_1741809359.jpg,smile
face_1741809360.jpg,smile
face_1741809361.jpg,smile
face_1741809361.jpg,smile
face_1741809362.jpg,smile
face_1741809363.jpg,smile
face_1741809363.jpg,smile
face_1741809364.jpg,smile
face_1741809365.jpg,smile
face_1741809365.jpg,smile
face_1741809366.jpg,smile
face_1741809367.jpg,smile
face_1741809368.jpg,smile
face_1741809369.jpg,smile
face_1741809370.jpg,smile
face_1741809370.jpg,smile
face_1741809371.jpg,smile
face_1741809371.jpg,smile
face_1741809372.jpg,smile
face_1741809373.jpg,smile
face_1741809373.jpg,smile
face_1741809374.jpg,smile
face_1741809374.jpg,smile
face_1741809375.jpg,smile
face_1741809376.jpg,smile
face_1741809376.jpg,smile
face_1741809377.jpg,smile
face_1741809377.jpg,smile
face_1741809378.jpg,smile
face_1741809379.jpg,smile
face_1741809380.jpg,smile
face_1741809380.jpg,smile
face_1741809381.jpg,smile
face_1741809381.jpg,smile
face_1741809382.jpg,smile
face_1741809382.jpg,smile
face_1741809383.jpg,smile
face_1741809383.jpg,smile
face_1741809384.jpg,smile
face_1741809384.jpg,smile
face_1741809385.jpg,smile
face_1741809400.jpg,nosmile
face_1741809401.jpg,nosmile
face_1741809402.jpg,nosmile
face_1741809402.jpg,nosmile
face_1741809403.jpg,nosmile
face_1741809404.jpg,nosmile
face_1741809404.jpg,nosmile
face_1741809405.jpg,nosmile
face_1741809406.jpg,nosmile
face_1741809406.jpg,nosmile
face_1741809407.jpg,nosmile
face_1741809408.jpg,nosmile
face_1741809408.jpg,nosmile
face_1741809409.jpg,nosmile
face_1741809409.jpg,nosmile
face_1741809410.jpg,nosmile
face_1741809411.jpg,nosmile
face_1741809411.jpg,nosmile
face_1741809412.jpg,nosmile
face_1741809413.jpg,nosmile
face_1741809413.jpg,nosmile
face_1741809414.jpg,nosmile
face_1741809415.jpg,nosmile
face_1741809415.jpg,nosmile
face_1741809416.jpg,nosmile
face_1741809416.jpg,nosmile
face_1741809417.jpg,nosmile
face_1741809417.jpg,nosmile
face_1741809418.jpg,nosmile
face_1741809419.jpg,nosmile
face_1741809419.jpg,nosmile
face_1741809420.jpg,nosmile
face_1741809420.jpg,nosmile
face_1741809421.jpg,nosmile
face_1741809422.jpg,nosmile
face_1741809422.jpg,nosmile
face_1741809423.jpg,nosmile
face_1741809424.jpg,nosmile
face_1741809424.jpg,nosmile
face_1741809425.jpg,nosmile
face_1741809426.jpg,nosmile
face_1741809426.jpg,nosmile
face_1741809428.jpg,nosmile
face_1741809428.jpg,nosmile
face_1741809429.jpg,nosmile
face_1741809429.jpg,nosmile
face_1741809430.jpg,nosmile
face_1741809431.jpg,nosmile
face_1741809431.jpg,nosmile
face_1741809432.jpg,nosmile
face_1741809433.jpg,nosmile
face_1741809433.jpg,nosmile
face_1741809434.jpg,nosmile
face_1741809435.jpg,nosmile
face_1741809436.jpg,nosmile
face_1741809436.jpg,nosmile
face_1741809437.jpg,nosmile
face_1741809444.jpg,nosmile
face_1741809444.jpg,nosmile
face_1741809445.jpg,nosmile
face_1741809446.jpg,nosmile
face_1741809446.jpg,nosmile
face_1741809447.jpg,nosmile
face_1741809447.jpg,nosmile
face_1741809448.jpg,nosmile
face_1741809448.jpg,nosmile
face_1741809449.jpg,nosmile
face_1741809450.jpg,nosmile
face_1741809450.jpg,nosmile
face_1741809451.jpg,nosmile
face_1741809452.jpg,nosmile
face_1741809452.jpg,nosmile
face_1741809453.jpg,nosmile
face_1741809453.jpg,nosmile
face_1741809454.jpg,nosmile
face_1741809455.jpg,nosmile
face_1741809455.jpg,nosmile
face_1741809456.jpg,nosmile
face_1741809456.jpg,nosmile
face_1741809457.jpg,nosmile
face_1741809458.jpg,nosmile
face_1741809458.jpg,nosmile
face_1741809459.jpg,nosmile
face_1741809460.jpg,nosmile
face_1741809460.jpg,nosmile
face_1741809461.jpg,nosmile
face_1741809462.jpg,nosmile
face_1741809463.jpg,nosmile
face_1741809464.jpg,nosmile
face_1741809464.jpg,nosmile
face_1741809465.jpg,nosmile
face_1741809466.jpg,nosmile
face_1741809466.jpg,nosmile
face_1741809467.jpg,nosmile
face_1741809467.jpg,nosmile
face_1741809474.jpg,nosmile
face_1741809475.jpg,nosmile
face_1741809476.jpg,nosmile
face_1741809476.jpg,nosmile
face_1741809480.jpg,nosmile
face_1741809481.jpg,nosmile
face_1741809481.jpg,nosmile
face_1741809482.jpg,nosmile
face_1741809483.jpg,nosmile
face_1741809483.jpg,nosmile
face_1741809484.jpg,nosmile
face_1741809484.jpg,nosmile
face_1741809485.jpg,nosmile
face_1741809485.jpg,nosmile
face_1741809486.jpg,nosmile
face_1741809486.jpg,nosmile
face_1741809487.jpg,nosmile
face_1741809488.jpg,nosmile
face_1741809488.jpg,nosmile
face_1741809489.jpg,nosmile
face_1741809490.jpg,nosmile
face_1741809490.jpg,nosmile
face_1741809491.jpg,nosmile
face_1741809492.jpg,nosmile
face_1741809492.jpg,nosmile
face_1741809493.jpg,nosmile
face_1741809494.jpg,nosmile
face_1741809495.jpg,nosmile
face_1741809495.jpg,nosmile
face_1741809496.jpg,nosmile
face_1741809497.jpg,nosmile
face_1741809497.jpg,nosmile
face_1741809498.jpg,nosmile
face_1741809498.jpg,nosmile
face_1741809499.jpg,nosmile
face_1741809499.jpg,nosmile
face_1741809500.jpg,nosmile
face_1741809500.jpg,nosmile
face_1741809501.jpg,nosmile
face_1741809501.jpg,nosmile
face_1741809502.jpg,nosmile
face_1741809503.jpg,nosmile
face_1741809503.jpg,nosmile
face_1741809504.jpg,nosmile
face_1741809508.jpg,nosmile
face_1741809509.jpg,nosmile
face_1741809509.jpg,nosmile
face_1741809510.jpg,nosmile
face_1741809510.jpg,nosmile
face_1741809511.jpg,nosmile
face_1741809511.jpg,nosmile
face_1741809512.jpg,nosmile
face_1741809512.jpg,nosmile
face_1741809513.jpg,nosmile
face_1741809513.jpg,nosmile
face_1741809514.jpg,nosmile
face_1741809514.jpg,nosmile
face_1741809515.jpg,nosmile
face_1741809516.jpg,nosmile
face_1741809517.jpg,nosmile
face_1741809517.jpg,nosmile
face_1741809518.jpg,nosmile
face_1741809518.jpg,nosmile
face_1741809519.jpg,nosmile
face_1741809520.jpg,nosmile
face_1741809520.jpg,nosmile
face_1741809520.jpg,nosmile
face_1741809521.jpg,nosmile
face_1741809521.jpg,nosmile
face_1741809522.jpg,nosmile
face_1741809523.jpg,nosmile
face_1741809523.jpg,nosmile
face_1741809524.jpg,nosmile
face_1741809525.jpg,nosmile
face_1741809543.jpg,nosmile
face_1741809543.jpg,nosmile
face_1741809544.jpg,nosmile
face_1741809545.jpg,nosmile
face_1741809545.jpg,nosmile
face_1741809546.jpg,nosmile
face_1741809547.jpg,nosmile
face_1741809548.jpg,nosmile
face_1741809548.jpg,nosmile
face_1741809549.jpg,nosmile
face_1741809549.jpg,nosmile
face_1741809550.jpg,nosmile
face_1741809550.jpg,nosmile
face_1741809551.jpg,nosmile
face_1741809552.jpg,nosmile
face_1741809552.jpg,nosmile
face_1741809553.jpg,nosmile
face_1741809553.jpg,nosmile
face_1741809555.jpg,nosmile
face_1741809556.jpg,nosmile
face_1741809556.jpg,nosmile
face_1741809557.jpg,nosmile
face_1741809557.jpg,nosmile
face_1741809558.jpg,nosmile
face_1741809559.jpg,nosmile
face_1741809560.jpg,nosmile
face_1741809560.jpg,nosmile
face_1741809561.jpg,nosmile
face_1741809561.jpg,nosmile
face_1741809564.jpg,nosmile
face_1741809564.jpg,nosmile
face_1741809565.jpg,nosmile
face_1741809566.jpg,nosmile
face_1741809566.jpg,nosmile
face_1741809567.jpg,nosmile
face_1741809567.jpg,nosmile
face_1741809568.jpg,nosmile
face_1741809569.jpg,nosmile
face_1741809570.jpg,nosmile
face_1741809570.jpg,nosmile
face_1741809571.jpg,nosmile
face_1741809571.jpg,nosmile
face_1741809573.jpg,nosmile
face_1741809574.jpg,nosmile
face_1741809576.jpg,nosmile
face_1741809577.jpg,nosmile
face_1741809578.jpg,nosmile
face_1741809578.jpg,nosmile
face_1741809579.jpg,nosmile
face_1741809580.jpg,nosmile
face_1741809581.jpg,nosmile
face_1741809582.jpg,nosmile
face_1741809583.jpg,nosmile
face_1741809584.jpg,nosmile
face_1741809585.jpg,nosmile
face_1741809591.jpg,nosmile
face_1741809793.jpg,smile
face_1741809794.jpg,smile
face_1741809794.jpg,smile
face_1741809795.jpg,smile
face_1741809795.jpg,smile
face_1741809796.jpg,smile
face_1741809796.jpg,smile
face_1741809797.jpg,smile
face_1741809797.jpg,smile
face_1741809798.jpg,smile
face_1741809800.jpg,smile
face_1741809801.jpg,smile
face_1741809801.jpg,smile
face_1741809802.jpg,smile
face_1741809802.jpg,smile
face_1741809803.jpg,smile
face_1741809803.jpg,smile
face_1741809804.jpg,smile
face_1741809809.jpg,smile
face_1741809809.jpg,smile
face_1741809809.jpg,smile
face_1741809810.jpg,smile
face_1741809810.jpg,smile
face_1741809811.jpg,smile
face_1741809811.jpg,smile
face_1741809811.jpg,smile
face_1741809812.jpg,smile
face_1741809812.jpg,smile
face_1741809812.jpg,smile
face_1741809826.jpg,smile
face_1741809826.jpg,smile
face_1741809827.jpg,smile
face_1741809827.jpg,smile
face_1741809828.jpg,smile
face_1741809828.jpg,smile
face_1741809829.jpg,smile
face_1741809829.jpg,smile
face_1741809830.jpg,smile
face_1741809830.jpg,smile
face_1741809830.jpg,smile
face_1741809831.jpg,smile
face_1741809831.jpg,smile
face_1741809832.jpg,smile
face_1741809832.jpg,smile
face_1741809833.jpg,smile
face_1741809833.jpg,smile
face_1741809834.jpg,smile
face_1741809834.jpg,smile
face_1741809834.jpg,smile
face_1741809835.jpg,smile
face_1741809835.jpg,smile
face_1741809836.jpg,smile
face_1741809837.jpg,smile
face_1741809837.jpg,smile
face_1741809837.jpg,smile
face_1741809838.jpg,smile
face_1741809855.jpg,smile
face_1741809855.jpg,smile
face_1741809856.jpg,smile
face_1741809856.jpg,smile
face_1741809856.jpg,smile
face_1741809857.jpg,smile
face_1741809857.jpg,smile
face_1741809857.jpg,smile
face_1741809858.jpg,smile
face_1741809858.jpg,smile
face_1741809858.jpg,smile
face_1741809859.jpg,smile
face_1741809869.jpg,nosmile
face_1741809870.jpg,nosmile
face_1741809870.jpg,nosmile
face_1741809870.jpg,nosmile
face_1741809871.jpg,nosmile
face_1741809871.jpg,nosmile
face_1741809872.jpg,nosmile
face_1741809872.jpg,nosmile
face_1741809872.jpg,nosmile
face_1741809873.jpg,nosmile
face_1741809873.jpg,nosmile
face_1741809873.jpg,nosmile
face_1741809874.jpg,nosmile
face_1741809874.jpg,nosmile
face_1741809875.jpg,nosmile
face_1741809875.jpg,nosmile
face_1741809876.jpg,nosmile
face_1741809876.jpg,nosmile
face_1741809876.jpg,nosmile
face_1741809877.jpg,nosmile
face_1741809877.jpg,nosmile
face_1741809878.jpg,nosmile
face_1741809878.jpg,nosmile
face_1741809878.jpg,nosmile
face_1741809879.jpg,nosmile
face_1741809879.jpg,nosmile
face_1741809879.jpg,nosmile
face_1741809879.jpg,nosmile
face_1741809880.jpg,nosmile
face_1741809883.jpg,nosmile
face_1741809883.jpg,nosmile
face_1741809883.jpg,nosmile
face_1741809883.jpg,nosmile
face_1741809884.jpg,nosmile
face_1741809885.jpg,nosmile
face_1741809886.jpg,nosmile
face_1741809887.jpg,nosmile
face_1741809887.jpg,nosmile
face_1741809887.jpg,nosmile
face_1741809888.jpg,nosmile
face_1741809888.jpg,nosmile
face_1741809889.jpg,nosmile
face_1741809889.jpg,nosmile
face_1741809890.jpg,nosmile
face_1741809890.jpg,nosmile
face_1741809890.jpg,nosmile
face_1741809891.jpg,nosmile
face_1741809891.jpg,nosmile
face_1741809894.jpg,nosmile
face_1741809894.jpg,nosmile
face_1741809894.jpg,nosmile
face_1741809895.jpg,nosmile
face_1741809900.jpg,nosmile
face_1741809900.jpg,nosmile
face_1741809900.jpg,nosmile
face_1741809901.jpg,nosmile
face_1741809901.jpg,nosmile
face_1741809901.jpg,nosmile
face_1741809902.jpg,nosmile
face_1741809902.jpg,nosmile
face_1741809903.jpg,nosmile
face_1741809908.jpg,nosmile
face_1741809909.jpg,nosmile
face_1741809909.jpg,nosmile
face_1741809910.jpg,nosmile
face_1741809910.jpg,nosmile
face_1741809911.jpg,nosmile
face_1741809912.jpg,nosmile
face_1741809913.jpg,nosmile
